{"src_pts": [[-4.121986384758449e-08, 1.0276103843932543e-07], [0.22931348423505332, 0.13237949523521805], [0.2848558233143873, 0.16448791146824454], [0.2647778545473112, -9.064312885519177e-08], [0.32894016015086663, 1.900568451782686e-05], [0.22930849325858083, -0.13237986474748129], [0.2848843440686785, -0.16444564748063195]], "dst_angs": [[1.0471975511965979, 0.7853981633974483, 0.0, 2.356194490192345], [1.0471975511965979, 0.27, 1.0307963267948965, 1.8407963267948966], [1.5707963267948966, 0.7853981633974483, 0.0, 2.356194490192345], [1.5707963267948966, 0.27, 1.0307963267948965, 1.8407963267948966], [2.0943951023931957, 0.7853981633974483, 0.0, 2.356194490192345], [2.0943951023931957, 0.27, 1.0307963267948965, 1.8407963267948966]]}